--
-- PostgreSQL database dump
--

\restrict P0sr7iwOsf5PfzChh0P3EZSBHmdWe8CVn2F4aOut05FrczKqAeIu18iNtWJunDp

-- Dumped from database version 18.1
-- Dumped by pg_dump version 18.1

-- Started on 2025-11-30 20:46:22

SET statement_timeout = 0;
SET lock_timeout = 0;
SET idle_in_transaction_session_timeout = 0;
SET transaction_timeout = 0;
SET client_encoding = 'UTF8';
SET standard_conforming_strings = on;
SELECT pg_catalog.set_config('search_path', '', false);
SET check_function_bodies = false;
SET xmloption = content;
SET client_min_messages = warning;
SET row_security = off;

--
-- TOC entry 5964 (class 0 OID 33856)
-- Dependencies: 226
-- Data for Name: criminality_levels; Type: TABLE DATA; Schema: public; Owner: postgres
--

COPY public.criminality_levels (id, level_name, description, color_code) FROM stdin;
1	Aman	Tidak ada atau sangat sedikit laporan kejahatan	#00FF00
2	Siaga	Beberapa laporan kejahatan kecil	#FFFF00
3	Rawan	Beberapa kejahatan serius terjadi	#FFA500
4	Bahaya	Tingkat kejahatan tinggi dan berbahaya	#FF0000
\.


--
-- TOC entry 5966 (class 0 OID 33867)
-- Dependencies: 228
-- Data for Name: crime_types; Type: TABLE DATA; Schema: public; Owner: postgres
--

COPY public.crime_types (id, type_name, description, typical_level_id) FROM stdin;
1	Pencurian	Pencurian properti atau barang berharga	2
2	Begal	Perampasan dengan kekerasan	4
3	Pencopetan	Pencurian secara diam-diam	2
4	Penjambretan	Perampasan dengan cara menarik	3
5	Penipuan	Kejahatan penipuan dan pengelabuan	2
6	Pengrusakan	Perusakan properti	2
7	Kekerasan	Penganiayaan dan tindak kekerasan	3
8	Narkoba	Peredaran dan penggunaan narkoba	3
9	Lainnya	Jenis kejahatan lainnya	2
\.


--
-- TOC entry 5968 (class 0 OID 33883)
-- Dependencies: 230
-- Data for Name: crime_data; Type: TABLE DATA; Schema: public; Owner: postgres
--

COPY public.crime_data (id, crime_type_id, level_id, location_name, coordinates, crime_date, description, area, created_at) FROM stdin;
1	1	2	Jl. Kaliurang KM 5	0101000020E6100000736891ED7C975B402FDD240681151FC0	2024-01-15	Pencurian sepeda motor	Sleman	2025-11-29 20:45:32.310506
2	2	4	Jl. Kaliurang KM 8	0101000020E61000002B8716D9CE975B40D578E92631081FC0	2024-01-20	Begal bersenjata tajam	Sleman	2025-11-29 20:45:32.310506
3	3	2	Pasar Sleman	0101000020E61000001F85EB51B8965B405C8FC2F528DC1EC0	2024-01-25	Pencopetan di pasar	Sleman	2025-11-29 20:45:32.310506
4	4	3	Jl. Magelang KM 5	0101000020E61000006666666666965B400000000000001FC0	2024-02-01	Penjambretan tas	Sleman	2025-11-29 20:45:32.310506
5	1	2	Kampus UGM	0101000020E6100000E3A59BC420985B40643BDF4F8D171FC0	2024-02-05	Pencurian laptop	Sleman	2025-11-29 20:45:32.310506
6	5	2	Mirota Kampus	0101000020E61000000000000000985B409A99999999191FC0	2024-02-10	Penipuan online	Sleman	2025-11-29 20:45:32.310506
7	6	2	Jl. Affandi	0101000020E6100000713D0AD7A3985B4054E3A59BC4201FC0	2024-02-15	Pengrusakan kendaraan	Sleman	2025-11-29 20:45:32.310506
8	7	3	Jl. Colombo	0101000020E6100000B81E85EB51985B4014AE47E17A141FC0	2024-02-20	Tawuran mahasiswa	Sleman	2025-11-29 20:45:32.310506
9	8	3	Kos-kosan Babarsari	0101000020E61000000AD7A3703D9A5B401F85EB51B81E1FC0	2024-02-25	Penggunaan narkoba	Sleman	2025-11-29 20:45:32.310506
10	1	2	Mall Ambarukmo	0101000020E6100000448B6CE7FB995B4054E3A59BC4201FC0	2024-03-01	Pencurian dompet	Sleman	2025-11-29 20:45:32.310506
11	2	4	Jl. Gejayan	0101000020E6100000713D0AD7A3985B408FC2F5285C0F1FC0	2024-03-05	Begal motor	Sleman	2025-11-29 20:45:32.310506
12	3	2	UNY	0101000020E610000062105839B4985B409A99999999191FC0	2024-03-10	Pencopetan mahasiswa	Sleman	2025-11-29 20:45:32.310506
13	4	3	Jl. Colombo Depok	0101000020E61000009CC420B072985B40DF4F8D976E121FC0	2024-03-15	Penjambretan tas	Sleman	2025-11-29 20:45:32.310506
14	1	2	Pogung	0101000020E61000000000000000985B401F85EB51B81E1FC0	2024-03-20	Pencurian kosan	Sleman	2025-11-29 20:45:32.310506
15	5	2	Seturan	0101000020E6100000273108AC1C9A5B40D578E92631081FC0	2024-03-25	Penipuan rental	Sleman	2025-11-29 20:45:32.310506
16	6	2	Caturtunggal	0101000020E6100000713D0AD7A3985B409A99999999191FC0	2024-04-01	Pengrusakan rumah	Sleman	2025-11-29 20:45:32.310506
17	7	3	Maguwoharjo	0101000020E610000079E92631089C5B406F1283C0CA211FC0	2024-04-05	Kekerasan sopir	Sleman	2025-11-29 20:45:32.310506
18	8	3	Condong Catur	0101000020E6100000E17A14AE47995B40D578E92631081FC0	2024-04-10	Peredaran narkoba	Sleman	2025-11-29 20:45:32.310506
19	1	2	Bandara Adisutjipto	0101000020E6100000DD240681959B5B40F4FDD478E9261FC0	2024-04-15	Pencurian bagasi	Sleman	2025-11-29 20:45:32.310506
20	2	4	Ring Road Utara	0101000020E61000009A99999999995B4085EB51B81E051FC0	2024-04-20	Begal malam	Sleman	2025-11-29 20:45:32.310506
21	1	2	Jl. Babarsari No. 15	0101000020E6100000EE7C3F355E9A5B4039B4C876BE1F1FC0	2024-01-18	Pencurian motor	Sleman	2025-11-29 20:45:32.310506
22	2	4	Gang Babarsari	0101000020E6100000D122DBF97E9A5B40A4703D0AD7231FC0	2024-01-22	Begal sendirian	Sleman	2025-11-29 20:45:32.310506
23	3	2	Warung Babarsari	0101000020E6100000DF4F8D976E9A5B406F1283C0CA211FC0	2024-01-26	Pencopetan pembeli	Sleman	2025-11-29 20:45:32.310506
24	4	3	Jl. Babarsari depan kampus	0101000020E6100000273108AC1C9A5B4004560E2DB21D1FC0	2024-02-02	Penjambretan mahasiswi	Sleman	2025-11-29 20:45:32.310506
25	5	2	Toko Babarsari	0101000020E6100000FCA9F1D24D9A5B401F85EB51B81E1FC0	2024-02-06	Penipuan barang	Sleman	2025-11-29 20:45:32.310506
26	7	3	Kos-kosan Babarsari	0101000020E61000001904560E2D9A5B40E9263108AC1C1FC0	2024-02-11	Kekerasan antar penghuni	Sleman	2025-11-29 20:45:32.310506
27	8	3	Warnet Babarsari	0101000020E6100000C3F5285C8F9A5B40894160E5D0221FC0	2024-02-16	Penggunaan narkoba	Sleman	2025-11-29 20:45:32.310506
28	1	2	Laundry Babarsari	0101000020E61000000AD7A3703D9A5B40894160E5D0221FC0	2024-02-21	Pencurian pakaian	Sleman	2025-11-29 20:45:32.310506
29	6	2	Parkiran Babarsari	0101000020E6100000355EBA490C9A5B40CFF753E3A51B1FC0	2024-02-26	Pengrusakan motor	Sleman	2025-11-29 20:45:32.310506
30	2	4	Jl. Condong Catur	0101000020E6100000295C8FC2F5985B400AD7A3703D0A1FC0	2024-03-02	Begal berkelompok	Sleman	2025-11-29 20:45:32.310506
31	1	2	Jl. Depok No. 25	0101000020E6100000713D0AD7A3985B409A99999999191FC0	2024-01-16	Pencurian rumah	Sleman	2025-11-29 20:45:32.310506
32	2	4	Jl. Solo Depok	0101000020E6100000295C8FC2F5985B4014AE47E17A141FC0	2024-01-19	Begal motor	Sleman	2025-11-29 20:45:32.310506
33	3	2	Pasar Depok	0101000020E61000008D976E1283985B404A0C022B87161FC0	2024-01-23	Pencopetan pagi hari	Sleman	2025-11-29 20:45:32.310506
34	4	3	Jl. Gejayan Depok	0101000020E610000054E3A59BC4985B40DF4F8D976E121FC0	2024-01-28	Penjambretan tas wanita	Sleman	2025-11-29 20:45:32.310506
35	5	2	Toko Depok	0101000020E61000007F6ABC7493985B40643BDF4F8D171FC0	2024-02-04	Penipuan uang	Sleman	2025-11-29 20:45:32.310506
36	7	3	Lapangan Depok	0101000020E610000062105839B4985B402FDD240681151FC0	2024-02-08	Kekerasan remaja	Sleman	2025-11-29 20:45:32.310506
37	8	3	Kos-kosan Depok	0101000020E610000046B6F3FDD4985B407F6ABC7493181FC0	2024-02-13	Pesta narkoba	Sleman	2025-11-29 20:45:32.310506
38	1	2	Rumah makan Depok	0101000020E61000009CC420B072985B40B4C876BE9F1A1FC0	2024-02-18	Pencurian kas	Sleman	2025-11-29 20:45:32.310506
39	6	2	Tempat parkir Depok	0101000020E610000037894160E5985B409A99999999191FC0	2024-02-23	Pengrusakan kaca mobil	Sleman	2025-11-29 20:45:32.310506
40	2	4	Jl. Margoyudan Depok	0101000020E61000001B2FDD2406995B40FA7E6ABC74131FC0	2024-02-28	Begal dengan senjata	Sleman	2025-11-29 20:45:32.310506
41	1	2	Malioboro Mall	0101000020E6100000560E2DB29D975B40AE47E17A142E1FC0	2024-01-14	Pencurian turis	Kota Yogyakarta	2025-11-29 20:45:32.310506
42	2	4	Alun-alun Selatan	0101000020E6100000736891ED7C975B406891ED7C3F351FC0	2024-01-24	Begal malam hari	Kota Yogyakarta	2025-11-29 20:45:32.310506
43	3	2	Pasar Beringharjo	0101000020E6100000643BDF4F8D975B403333333333331FC0	2024-01-29	Pencopetan ramai	Kota Yogyakarta	2025-11-29 20:45:32.310506
44	4	3	Jl. Sosrowijayan	0101000020E61000008195438B6C975B40FED478E926311FC0	2024-02-09	Penjambretan turis	Kota Yogyakarta	2025-11-29 20:45:32.310506
45	5	2	Toko Malioboro	0101000020E610000048E17A14AE975B40C976BE9F1A2F1FC0	2024-02-14	Penipuan harga	Kota Yogyakarta	2025-11-29 20:45:32.310506
46	7	3	Alun-alun Utara	0101000020E6100000560E2DB29D975B404E62105839341FC0	2024-02-19	Kekerasan pengunjung	Kota Yogyakarta	2025-11-29 20:45:32.310506
47	8	3	Hotel murah Sosrowijayan	0101000020E61000008FC2F5285C975B40E3A59BC420301FC0	2024-02-24	Pengedaran narkoba	Kota Yogyakarta	2025-11-29 20:45:32.310506
48	1	2	Penginapan Prawirotaman	0101000020E6100000D7A3703D0A975B40C3F5285C8F421FC0	2024-03-04	Pencurian kamar	Kota Yogyakarta	2025-11-29 20:45:32.310506
49	6	2	Parkiran Malioboro	0101000020E610000039B4C876BE975B40931804560E2D1FC0	2024-03-06	Pengrusakan sepeda	Kota Yogyakarta	2025-11-29 20:45:32.310506
50	2	4	Gang Malioboro	0101000020E6100000643BDF4F8D975B40E3A59BC420301FC0	2024-03-08	Begal turis asing	Kota Yogyakarta	2025-11-29 20:45:32.310506
51	3	2	Benteng Vredeburg	0101000020E6100000736891ED7C975B403333333333331FC0	2024-03-12	Pencopetan wisatawan	Kota Yogyakarta	2025-11-29 20:45:32.310506
52	4	3	Jl. P. Mangkubumi	0101000020E610000048E17A14AE975B40FED478E926311FC0	2024-03-16	Penjambretan tas	Kota Yogyakarta	2025-11-29 20:45:32.310506
53	1	2	Taman Pintar	0101000020E610000048E17A14AE975B406891ED7C3F351FC0	2024-03-20	Pencurian HP	Kota Yogyakarta	2025-11-29 20:45:32.310506
54	5	2	Museum Sonobudoyo	0101000020E6100000736891ED7C975B4083C0CAA145361FC0	2024-03-24	Penipuan tiket	Kota Yogyakarta	2025-11-29 20:45:32.310506
55	7	3	Kraton Yogyakarta	0101000020E6100000BA490C022B975B40736891ED7C3F1FC0	2024-03-28	Kekerasan preman	Kota Yogyakarta	2025-11-29 20:45:32.310506
56	8	3	Taman Sari	0101000020E6100000E5D022DBF9965B403D0AD7A3703D1FC0	2024-04-01	Penggunaan narkoba	Kota Yogyakarta	2025-11-29 20:45:32.310506
57	1	2	Pasar Ngasem	0101000020E6100000BA490C022B975B4008AC1C5A643B1FC0	2024-04-05	Pencurian dompet	Kota Yogyakarta	2025-11-29 20:45:32.310506
58	2	4	Jl. Ibu Ruswo	0101000020E61000008FC2F5285C975B40B81E85EB51381FC0	2024-04-10	Begal pagi hari	Kota Yogyakarta	2025-11-29 20:45:32.310506
59	3	2	Pasar Kranggan	0101000020E6100000643BDF4F8D975B40B81E85EB51381FC0	2024-04-15	Pencopetan ibu-ibu	Kota Yogyakarta	2025-11-29 20:45:32.310506
60	4	3	Jl. Suryotomo	0101000020E61000008195438B6C975B40EE7C3F355E3A1FC0	2024-04-20	Penjambretan emas	Kota Yogyakarta	2025-11-29 20:45:32.310506
61	1	2	Pasar Bantul	0101000020E6100000A245B6F3FD945B405A643BDF4F8D1FC0	2024-01-17	Pencurian kios	Bantul	2025-11-29 20:45:32.310506
62	2	4	Jl. Parangtritis	0101000020E6100000F6285C8FC2955B40AE47E17A14AE1FC0	2024-01-21	Begal wisatawan	Bantul	2025-11-29 20:45:32.310506
126	8	3	Kawasan Wonosari Baru	0101000020E61000006666666666A65B40AC1C5A643BDF1FC0	2024-05-25	Pesta narkoba	Gunungkidul	2025-11-29 20:45:32.310506
63	3	2	Pantai Parangtritis	0101000020E6100000CDCCCCCCCC945B4048E17A14AE0720C0	2024-01-25	Pencopetan pengunjung	Bantul	2025-11-29 20:45:32.310506
64	4	3	Jl. Bantul - Pundong	0101000020E61000006666666666965B40CDCCCCCCCCCC1FC0	2024-02-03	Penjambretan motor	Bantul	2025-11-29 20:45:32.310506
65	5	2	Malioboro Bantul	0101000020E61000003D0AD7A370955B4014AE47E17A941FC0	2024-02-07	Penipuan toko	Bantul	2025-11-29 20:45:32.310506
66	7	3	Pasar Piyungan	0101000020E6100000CDCCCCCCCC9C5B406666666666661FC0	2024-02-12	Kekerasan pedagang	Bantul	2025-11-29 20:45:32.310506
67	8	3	Kawasan Imogiri	0101000020E6100000713D0AD7A3985B40295C8FC2F5A81FC0	2024-02-17	Peredaran narkoba	Bantul	2025-11-29 20:45:32.310506
68	1	2	Pasar Sewon	0101000020E61000001F85EB51B8965B400000000000801FC0	2024-02-22	Pencurian dagangan	Bantul	2025-11-29 20:45:32.310506
69	6	2	Taman Pelangi Bantul	0101000020E610000085EB51B81E955B408FC2F5285C8F1FC0	2024-02-27	Pengrusakan lampu	Bantul	2025-11-29 20:45:32.310506
70	2	4	Jl. Imogiri Barat	0101000020E6100000B81E85EB51985B401F85EB51B89E1FC0	2024-03-03	Begal malam	Bantul	2025-11-29 20:45:32.310506
71	3	2	Pasar Kasihan	0101000020E610000014AE47E17A945B4052B81E85EB511FC0	2024-03-07	Pencopetan pembeli	Bantul	2025-11-29 20:45:32.310506
72	4	3	Jl. Bantul - Kota	0101000020E6100000F6285C8FC2955B406666666666661FC0	2024-03-11	Penjambretan tas	Bantul	2025-11-29 20:45:32.310506
73	1	2	Kampus UNY	0101000020E610000062105839B4985B409A99999999191FC0	2024-03-15	Pencurian sepeda	Bantul	2025-11-29 20:45:32.310506
74	5	2	Mall Bantul	0101000020E6100000CDCCCCCCCC945B400AD7A3703D8A1FC0	2024-03-19	Penipuan diskon	Bantul	2025-11-29 20:45:32.310506
75	7	3	Desa Wisata Kasongan	0101000020E6100000EC51B81E85935B407B14AE47E17A1FC0	2024-03-23	Kekerasan pengrajin	Bantul	2025-11-29 20:45:32.310506
76	1	2	Pasar Wonosari	0101000020E610000091ED7C3F35A65B405C8FC2F528DC1FC0	2024-01-18	Pencurian pasar	Gunungkidul	2025-11-29 20:45:32.310506
77	2	4	Jl. Wonosari - Semanu	0101000020E610000048E17A14AEA75B40EC51B81E85EB1FC0	2024-01-22	Begal terpencil	Gunungkidul	2025-11-29 20:45:32.310506
78	3	2	Pantai Baron	0101000020E6100000713D0AD7A3A85B403D0AD7A3703D20C0	2024-01-26	Pencopetan wisatawan	Gunungkidul	2025-11-29 20:45:32.310506
79	4	3	Jl. Gunungkidul - Bantul	0101000020E6100000CDCCCCCCCC9C5B40AE47E17A14AE1FC0	2024-02-04	Penjambretan motor	Gunungkidul	2025-11-29 20:45:32.310506
80	5	2	Toko Wonosari	0101000020E6100000AE47E17A14A65B4091ED7C3F35DE1FC0	2024-02-08	Penipuan barang	Gunungkidul	2025-11-29 20:45:32.310506
81	7	3	Kawasan Goa Pindul	0101000020E610000085EB51B81EA55B40CDCCCCCCCCCC1FC0	2024-02-13	Kekerasan guide	Gunungkidul	2025-11-29 20:45:32.310506
82	8	3	Desa Bejiharjo	0101000020E610000014AE47E17AA45B40C3F5285C8FC21FC0	2024-02-18	Pesta narkoba	Gunungkidul	2025-11-29 20:45:32.310506
83	1	2	Penginapan Wonosari	0101000020E61000006666666666A65B40E17A14AE47E11FC0	2024-02-23	Pencurian kamar	Gunungkidul	2025-11-29 20:45:32.310506
84	6	2	Taman Wonosari	0101000020E6100000F6285C8FC2A55B40D7A3703D0AD71FC0	2024-02-28	Pengrusakan taman	Gunungkidul	2025-11-29 20:45:32.310506
85	2	4	Jl. Menuju Pantai Sadeng	0101000020E61000009A99999999A95B4066666666666620C0	2024-03-04	Begal jalan sepi	Gunungkidul	2025-11-29 20:45:32.310506
86	1	2	Pasar Wates	0101000020E61000009A99999999895B40F6285C8FC2751FC0	2024-01-19	Pencurian kios	Kulon Progo	2025-11-29 20:45:32.310506
87	2	4	Jl. Wates - Purworejo	0101000020E610000048E17A14AE875B4085EB51B81E851FC0	2024-01-23	Begal truk	Kulon Progo	2025-11-29 20:45:32.310506
88	3	2	Stasiun Wates	0101000020E6100000B6F3FDD478895B40A69BC420B0721FC0	2024-01-27	Pencopetan penumpang	Kulon Progo	2025-11-29 20:45:32.310506
89	4	3	Jl. Wates - Brosot	0101000020E6100000EC51B81E858B5B406666666666661FC0	2024-02-05	Penjambretan tas	Kulon Progo	2025-11-29 20:45:32.310506
90	5	2	Toko Wates	0101000020E61000007D3F355EBA895B4046B6F3FDD4781FC0	2024-02-09	Penipuan dagangan	Kulon Progo	2025-11-29 20:45:32.310506
91	7	3	Pasar Sentolo	0101000020E6100000CDCCCCCCCC8C5B4052B81E85EB511FC0	2024-02-14	Kekerasan preman	Kulon Progo	2025-11-29 20:45:32.310506
92	8	3	Kawasan Pengasih	0101000020E6100000C3F5285C8F8A5B40EC51B81E856B1FC0	2024-02-19	Peredaran narkoba	Kulon Progo	2025-11-29 20:45:32.310506
93	1	2	Rumah makan Wates	0101000020E610000052B81E85EB895B407B14AE47E17A1FC0	2024-02-24	Pencurian kas	Kulon Progo	2025-11-29 20:45:32.310506
94	6	2	Taman Wates	0101000020E6100000273108AC1C8A5B40B0726891ED7C1FC0	2024-03-01	Pengrusakan bangku	Kulon Progo	2025-11-29 20:45:32.310506
95	2	4	Jl. Menoreh	0101000020E6100000295C8FC2F5885B405C8FC2F5285C1FC0	2024-03-05	Begal perbukitan	Kulon Progo	2025-11-29 20:45:32.310506
96	1	2	Kawasan UGM Timur	0101000020E610000048E17A14AE975B4014AE47E17A141FC0	2024-04-25	Pencurian sepeda	Sleman	2025-11-29 20:45:32.310506
97	3	2	Kantin FISIPOL	0101000020E6100000D578E92631985B404A0C022B87161FC0	2024-04-26	Pencopetan mahasiswa	Sleman	2025-11-29 20:45:32.310506
98	4	3	Jl. Cik Di Tiro	0101000020E61000009CC420B072985B40DF4F8D976E121FC0	2024-04-27	Penjambretan laptop	Sleman	2025-11-29 20:45:32.310506
99	5	2	Koperasi FEB	0101000020E6100000C74B378941985B402FDD240681151FC0	2024-04-28	Penipuan dana	Sleman	2025-11-29 20:45:32.310506
100	7	3	Asrama Mahasiswa	0101000020E6100000F2D24D6210985B407F6ABC7493181FC0	2024-04-29	Kekerasan senior	Sleman	2025-11-29 20:45:32.310506
101	8	3	Kafe Sleman	0101000020E6100000F0A7C64B37995B40F0A7C64B37091FC0	2024-04-30	Penggunaan narkoba	Sleman	2025-11-29 20:45:32.310506
102	1	2	Ruko Sleman	0101000020E6100000D34D621058995B40BA490C022B071FC0	2024-05-01	Pencurian toko	Sleman	2025-11-29 20:45:32.310506
103	6	2	Taman Sleman	0101000020E6100000FED478E926995B4025068195430B1FC0	2024-05-02	Pengrusakan fasilitas	Sleman	2025-11-29 20:45:32.310506
104	2	4	Perumahan Sleman	0101000020E6100000C520B07268995B40A01A2FDD24061FC0	2024-05-03	Begal perumahan	Sleman	2025-11-29 20:45:32.310506
105	3	2	Mini market Sleman	0101000020E61000000C022B8716995B400AD7A3703D0A1FC0	2024-05-04	Pencopetan malam	Sleman	2025-11-29 20:45:32.310506
106	4	3	Jl. Tirtodipuran	0101000020E6100000F4FDD478E9965B401283C0CAA1451FC0	2024-05-05	Penjambretan turis	Kota Yogyakarta	2025-11-29 20:45:32.310506
107	5	2	Penginapan Tirtodipuran	0101000020E6100000022B8716D9965B40F853E3A59B441FC0	2024-05-06	Penipuan kamar	Kota Yogyakarta	2025-11-29 20:45:32.310506
108	7	3	Jl. Prawirotaman	0101000020E6100000C976BE9F1A975B40DD24068195431FC0	2024-05-07	Kekerasan mabuk	Kota Yogyakarta	2025-11-29 20:45:32.310506
109	8	3	Kafe Prawirotaman	0101000020E6100000BA490C022B975B40C3F5285C8F421FC0	2024-05-08	Pesta narkoba	Kota Yogyakarta	2025-11-29 20:45:32.310506
110	1	2	Guesthouse Kota	0101000020E6100000AC1C5A643B975B40A8C64B3789411FC0	2024-05-09	Pencurian barang	Kota Yogyakarta	2025-11-29 20:45:32.310506
111	6	2	Parkiran Taman	0101000020E61000009EEFA7C64B975B408D976E1283401FC0	2024-05-10	Pengrusakan mobil	Kota Yogyakarta	2025-11-29 20:45:32.310506
112	2	4	Gang Taman	0101000020E61000008FC2F5285C975B40736891ED7C3F1FC0	2024-05-11	Begal gelap	Kota Yogyakarta	2025-11-29 20:45:32.310506
113	3	2	Minimarket Kota	0101000020E61000008195438B6C975B405839B4C8763E1FC0	2024-05-12	Pencopetan karyawan	Kota Yogyakarta	2025-11-29 20:45:32.310506
114	4	3	Jl. Suryodiningratan	0101000020E6100000736891ED7C975B403D0AD7A3703D1FC0	2024-05-13	Penjambretan emas	Kota Yogyakarta	2025-11-29 20:45:32.310506
115	5	2	Toko Cinderamata	0101000020E6100000643BDF4F8D975B4023DBF97E6A3C1FC0	2024-05-14	Penipuan harga	Kota Yogyakarta	2025-11-29 20:45:32.310506
116	7	3	Pasar Patalan	0101000020E610000014AE47E17A945B409A99999999991FC0	2024-05-15	Kekerasan pedagang	Bantul	2025-11-29 20:45:32.310506
117	8	3	Kawasan Jetis	0101000020E6100000A4703D0AD7935B408FC2F5285C8F1FC0	2024-05-16	Peredaran narkoba	Bantul	2025-11-29 20:45:32.310506
118	1	2	Toko Bantul	0101000020E61000005C8FC2F528945B4014AE47E17A941FC0	2024-05-17	Pencurian kas	Bantul	2025-11-29 20:45:32.310506
119	6	2	Lapangan Bantul	0101000020E610000014AE47E17A945B40643BDF4F8D971FC0	2024-05-18	Pengrusakan lampu	Bantul	2025-11-29 20:45:32.310506
120	2	4	Jl. Imogiri Timur	0101000020E6100000295C8FC2F5985B40A4703D0AD7A31FC0	2024-05-19	Begal terpencil	Bantul	2025-11-29 20:45:32.310506
121	3	2	Pasar Bantul Baru	0101000020E6100000CDCCCCCCCC945B405A643BDF4F8D1FC0	2024-05-20	Pencopetan pembeli	Bantul	2025-11-29 20:45:32.310506
122	4	3	Jl. Parangtritis KM 10	0101000020E61000003D0AD7A370955B40B81E85EB51B81FC0	2024-05-21	Penjambretan motor	Bantul	2025-11-29 20:45:32.310506
123	1	2	SPBU Bantul	0101000020E610000085EB51B81E955B400AD7A3703D8A1FC0	2024-05-22	Pencurian bensin	Bantul	2025-11-29 20:45:32.310506
124	5	2	Warung Bantul	0101000020E6100000A245B6F3FD945B403F355EBA498C1FC0	2024-05-23	Penipuan uang	Bantul	2025-11-29 20:45:32.310506
125	7	3	Terminal Bantul	0101000020E61000006891ED7C3F955B408FC2F5285C8F1FC0	2024-05-24	Kekerasan preman	Bantul	2025-11-29 20:45:32.310506
127	1	2	Toko Wonosari Baru	0101000020E610000083C0CAA145A65B4077BE9F1A2FDD1FC0	2024-05-26	Pencurian barang	Gunungkidul	2025-11-29 20:45:32.310506
128	6	2	Taman Wonosari Baru	0101000020E6100000AE47E17A14A65B405C8FC2F528DC1FC0	2024-05-27	Pengrusakan taman	Gunungkidul	2025-11-29 20:45:32.310506
129	2	4	Jl. Wonosari - Playen	0101000020E6100000D7A3703D0AA75B40E17A14AE47E11FC0	2024-05-28	Begal malam	Gunungkidul	2025-11-29 20:45:32.310506
130	3	2	Pasar Playen	0101000020E610000048E17A14AEA75B406666666666E61FC0	2024-05-29	Pencopetan pembeli	Gunungkidul	2025-11-29 20:45:32.310506
131	4	3	Jl. Menuju Goa Jomblang	0101000020E6100000F6285C8FC2A55B4052B81E85EBD11FC0	2024-05-30	Penjambretan turis	Gunungkidul	2025-11-29 20:45:32.310506
132	5	2	Warung Goa Jomblang	0101000020E61000003D0AD7A370A55B40CDCCCCCCCCCC1FC0	2024-05-31	Penipuan parkir	Gunungkidul	2025-11-29 20:45:32.310506
133	7	3	Kawasan Pantai Krakal	0101000020E6100000B81E85EB51A85B40CDCCCCCCCC4C20C0	2024-06-01	Kekerasan pengunjung	Gunungkidul	2025-11-29 20:45:32.310506
134	8	3	Penginapan Wonosari	0101000020E61000004A0C022B87A65B40C74B378941E01FC0	2024-06-02	Penggunaan narkoba	Gunungkidul	2025-11-29 20:45:32.310506
135	1	2	Minimarket Wonosari	0101000020E61000007593180456A65B4091ED7C3F35DE1FC0	2024-06-03	Pencurian minuman	Gunungkidul	2025-11-29 20:45:32.310506
136	6	2	Taman Wates Baru	0101000020E6100000448B6CE7FB895B40105839B4C8761FC0	2024-06-04	Pengrusakan tanaman	Kulon Progo	2025-11-29 20:45:32.310506
137	2	4	Jl. Wates - Temon	0101000020E6100000295C8FC2F5885B407B14AE47E17A1FC0	2024-06-05	Begal truk	Kulon Progo	2025-11-29 20:45:32.310506
138	3	2	Pasar Temon	0101000020E6100000713D0AD7A3885B400000000000801FC0	2024-06-06	Pencopetan pedagang	Kulon Progo	2025-11-29 20:45:32.310506
139	4	3	Jl. Menuju Pantai Glagah	0101000020E61000000AD7A3703D8A5B40D7A3703D0AD71FC0	2024-06-07	Penjambretan tas	Kulon Progo	2025-11-29 20:45:32.310506
140	5	2	Warung Pantai Glagah	0101000020E6100000C3F5285C8F8A5B405C8FC2F528DC1FC0	2024-06-08	Penipuan makanan	Kulon Progo	2025-11-29 20:45:32.310506
141	7	3	Kawasan Sentolo	0101000020E610000014AE47E17A8C5B40D7A3703D0A571FC0	2024-06-09	Kekerasan pemuda	Kulon Progo	2025-11-29 20:45:32.310506
142	8	3	Warnet Wates	0101000020E61000007D3F355EBA895B40DBF97E6ABC741FC0	2024-06-10	Pesta narkoba	Kulon Progo	2025-11-29 20:45:32.310506
143	1	2	Toko Kulon Progo	0101000020E610000060E5D022DB895B4046B6F3FDD4781FC0	2024-06-11	Pencurian barang	Kulon Progo	2025-11-29 20:45:32.310506
144	6	2	Lapangan Wates	0101000020E61000009A99999999895B40A69BC420B0721FC0	2024-06-12	Pengrusakan gawang	Kulon Progo	2025-11-29 20:45:32.310506
145	2	4	Jl. Pengasih - Sentolo	0101000020E61000007B14AE47E18A5B40E17A14AE47611FC0	2024-06-13	Begal sepeda motor	Kulon Progo	2025-11-29 20:45:32.310506
146	7	4	Lokasi pace mabuk	0101000020E610000092EC116A869A5B40DEE34C13B61F1FC0	2025-02-14	Pace mabuk mukulin mobil orang	Yogyakarta	2025-11-29 21:03:09.13027
147	1	4	Area Titik -7.7860682,110.4110175	0101000020E61000005B25581C4E9A5B40CDB3ED0FEF241FC0	2025-01-12	Pelecehan seksual yang dilakukan pelaku terhadap pejalan kaki.	Yogyakarta	2025-11-29 21:15:49.607731
148	2	3	Area Titik -7.7860682,110.4110175	0101000020E61000005B25581C4E9A5B40CDB3ED0FEF241FC0	2025-02-03	Pencurian barang milik warga di area sekitar.	Yogyakarta	2025-11-29 21:15:55.949097
149	3	4	Area Titik -7.7860682,110.4110175	0101000020E61000005B25581C4E9A5B40CDB3ED0FEF241FC0	2025-03-15	Pembunuhan yang terjadi pada malam hari dengan saksi minim.	Yogyakarta	2025-11-29 21:16:00.704724
150	4	2	Area Titik -7.7860682,110.4110175	0101000020E61000005B25581C4E9A5B40CDB3ED0FEF241FC0	2025-04-21	Warga mabuk yang membuat keributan hingga mengganggu pengguna jalan.	Yogyakarta	2025-11-29 21:16:06.45392
151	5	3	Area Titik -7.7860682,110.4110175	0101000020E61000005B25581C4E9A5B40CDB3ED0FEF241FC0	2025-05-10	Tindak kekerasan fisik antar kelompok yang memicu kepanikan.	Yogyakarta	2025-11-29 21:16:13.545102
152	5	1	Area Titik -7.8279,110.4049	0101000020E6100000A089B0E1E9995B40006F8104C54F1FC0	2025-11-23	Subjek bermain Valorant dengan performa sangat rendah, tidak menimbulkan ancaman publik.	Yogyakarta	2025-11-29 21:58:43.380444
153	4	3	Area Titik -7.8279,110.4049	0101000020E6100000A089B0E1E9995B40006F8104C54F1FC0	2025-11-23	Kasus penipuan bermodus jual parfum, korban mengalami kerugian materi.	Yogyakarta	2025-11-29 21:59:13.300908
154	6	2	Area Titik -7.8279,110.4049	0101000020E6100000A089B0E1E9995B40006F8104C54F1FC0	2025-11-23	Pelaku memarahi kurir paket tanpa alasan jelas sehingga mengganggu kenyamanan publik.	Yogyakarta	2025-11-29 21:59:18.377099
155	1	2	Area Titik -7.7809822,110.4174309	0101000020E6100000C0F51730B79A5B4054083FCCB91F1FC0	2025-02-14	Pembulian terhadap mahasiswa karena hanya membuat PPT.	Yogyakarta	2025-11-30 19:00:46.232191
156	3	2	Area Titik -7.749278,110.4649105	0101000020E61000004A44F817C19D5B40FC7266BB42FF1EC0	2025-02-14	Pencurian listrik terjadi di area ini.	Yogyakarta	2025-11-30 19:03:28.76101
157	4	3	Area Titik -7.749278,110.4649105	0101000020E61000004A44F817C19D5B40FC7266BB42FF1EC0	2025-02-14	Penghinaan terhadap pemerintah di titik ini.	Yogyakarta	2025-11-30 19:03:34.130812
158	3	3	Area Titik -7.779825,110.3866288	0101000020E610000045ECB886BE985B40AD69DE718A1E1FC0	2025-05-12	Tempat kumpul kebo.	Yogyakarta	2025-11-30 19:04:25.268583
159	4	3	Area Titik -6.4154603,106.8620665	0101000020E61000008A1EF8182CB75A403925C56C6EA919C0	2025-05-13	Gooner tiap hari.	Depok	2025-11-30 19:51:38.021213
160	3	3	Area Titik -7.7355936,110.4143606	0101000020E61000000F7052E2849A5B406E96DC723FF11EC0	2025-05-14	Penganiayaan karena tidak mengerjakan tugas.	Yogyakarta	2025-11-30 19:53:09.725534
161	4	4	Area Titik -7.7233932,110.4065098	0101000020E61000003920AE41049A5B405C98E02FC1E41EC0	2025-05-15	Predator anak.	Yogyakarta	2025-11-30 19:55:42.244587
162	4	4	Area Titik -7.7233932,110.4065098	0101000020E61000003920AE41049A5B405C98E02FC1E41EC0	2025-05-15	Predator anak.	Yogyakarta	2025-11-30 20:00:02.51753
213	3	2	Jl. Babarsari	0101000020E61000005F07CE19519A5B4070CE88D2DE201FC0	2024-03-12	Perampokan toko elektronik	Yogyakarta	2025-11-30 20:45:22.348162
214	1	3	Jl. Gejayan	0101000020E6100000E0BE0E9C339A5B40D26F5F07CE191FC0	2025-01-28	Pencurian motor di parkiran mall	Yogyakarta	2025-11-30 20:45:22.348162
215	5	1	Jl. Kaliurang KM 5	0101000020E6100000B22E6EA301985B40462575029A081FC0	2024-11-02	Penganiayaan antar mahasiswa	Yogyakarta	2025-11-30 20:45:22.348162
216	4	4	Jl. Magelang	0101000020E6100000BB270F0BB5965B40E0BE0E9C33221FC0	2024-06-18	Pembegalan mobil angkutan uang	Yogyakarta	2025-11-30 20:45:22.348162
217	2	3	Jl. Solo	0101000020E610000000917EFB3A9C5B40E6AE25E4831E1FC0	2024-12-21	Penipuan online via marketplace	Yogyakarta	2025-11-30 20:45:22.348162
218	4	1	Pasar Kranggan	0101000020E610000065AA605452975B4067D5E76A2B361FC0	2024-09-14	Pencopetan di pasar tradisional	Yogyakarta	2025-11-30 20:45:22.348162
219	2	4	Jl. Sudirman	0101000020E6100000780B24287E985B40C3D32B6519221FC0	2025-02-08	Penipuan investasi bodong	Yogyakarta	2025-11-30 20:45:22.348162
220	5	3	Jl. Tembalang	0101000020E610000030BB270F0B9D5B40F697DD9387051FC0	2024-04-19	Tawuran antar pelajar	Yogyakarta	2025-11-30 20:45:22.348162
221	1	2	Malioboro	0101000020E61000007AC7293A92975B4097900F7A362B1FC0	2025-03-03	Pencurian dompet turis	Yogyakarta	2025-11-30 20:45:22.348162
222	3	4	Perumahan Condong Catur	0101000020E6100000B84082E2C7985B4041F163CC5D0B1FC0	2024-02-10	Perampokan rumah kosong	Yogyakarta	2025-11-30 20:45:22.348162
223	5	3	Kampus UGM	0101000020E6100000B22E6EA301985B40D7A3703D0A171FC0	2025-04-04	Penganiayaan antar organisasi	Yogyakarta	2025-11-30 20:45:22.348162
224	3	2	Jl. Wates	0101000020E6100000FFB27BF2B0945B40454772F90F291FC0	2024-05-13	Perampokan minimarket	Yogyakarta	2025-11-30 20:45:22.348162
225	1	1	Pasar Beringharjo	0101000020E610000057EC2FBB27975B408638D6C56D341FC0	2025-02-24	Pencurian handphone	Yogyakarta	2025-11-30 20:45:22.348162
226	4	4	Jl. Janti	0101000020E610000027A089B0E1995B40B003E78C282D1FC0	2024-03-27	Pembegalan pengendara motor	Yogyakarta	2025-11-30 20:45:22.348162
227	2	3	Jl. Colombo	0101000020E610000007F0164850985B40F2D24D6210181FC0	2024-07-21	Penipuan rental mobil	Yogyakarta	2025-11-30 20:45:22.348162
228	5	2	Jl. Monjali	0101000020E61000002B1895D409985B40BF7D1D3867041FC0	2024-08-15	Pemukulan antar sopir angkot	Yogyakarta	2025-11-30 20:45:22.348162
229	1	4	Terminal Giwangan	0101000020E6100000BC96900F7A965B40287E8CB96B491FC0	2025-01-03	Pencurian barang penumpang bus	Yogyakarta	2025-11-30 20:45:22.348162
230	3	3	Perumahan Seturan	0101000020E61000008A1F63EE5A9A5B40CB10C7BAB80D1FC0	2024-10-11	Perampokan kos-kosan	Yogyakarta	2025-11-30 20:45:22.348162
231	4	2	Jl. Affandi	0101000020E6100000228E75711B995B402D211FF46C161FC0	2024-12-05	Pencopetan di halte bus	Yogyakarta	2025-11-30 20:45:22.348162
232	2	1	Jl. Cik Di Tiro	0101000020E61000005C2041F163985B40C74B378941201FC0	2025-03-18	Penipuan jasa travel	Yogyakarta	2025-11-30 20:45:22.348162
233	5	4	Jl. Parangtritis	0101000020E6100000C442AD69DE955B4041F163CC5D4B1FC0	2024-06-22	Penganiayaan berat antar geng	Yogyakarta	2025-11-30 20:45:22.348162
234	1	3	Pasar Ngasem	0101000020E6100000492EFF21FD965B40C9E53FA4DF3E1FC0	2024-11-30	Pencurian tas belanja	Yogyakarta	2025-11-30 20:45:22.348162
235	3	2	Jl. Gedong Kuning	0101000020E6100000933A014D84995B40C7293A92CB3F1FC0	2025-02-14	Perampokan warung sembako	Yogyakarta	2025-11-30 20:45:22.348162
236	4	3	Stasiun Tugu	0101000020E610000073D712F241975B402B1895D409281FC0	2024-09-08	Pencopetan penumpang kereta	Yogyakarta	2025-11-30 20:45:22.348162
237	2	4	Jl. Urip Sumoharjo	0101000020E6100000CB10C7BAB8995B4090A0F831E62E1FC0	2024-04-17	Penipuan investasi emas	Yogyakarta	2025-11-30 20:45:22.348162
238	5	1	Jl. Sagan	0101000020E6100000B29DEFA7C6975B401A51DA1B7C211FC0	2025-01-25	Pemukulan antar tetangga	Yogyakarta	2025-11-30 20:45:22.348162
239	1	2	Jl. Tirtodipuran	0101000020E610000061C3D32B65995B40091B9E5E294B1FC0	2024-07-14	Pencurian sepeda motor	Yogyakarta	2025-11-30 20:45:22.348162
240	3	4	Perumahan Jogja Regency	0101000020E6100000BA490C022B9B5B408638D6C56D341FC0	2024-12-28	Perampokan rumah mewah	Yogyakarta	2025-11-30 20:45:22.348162
241	4	2	Jl. Bantul	0101000020E61000007E8CB96B09995B404A0C022B87561FC0	2025-03-09	Pencopetan di pasar malam	Yogyakarta	2025-11-30 20:45:22.348162
242	2	3	Jl. Kusumanegara	0101000020E6100000EA95B20C71985B40F2B0506B9A371FC0	2024-08-21	Penipuan jual beli motor	Yogyakarta	2025-11-30 20:45:22.348162
243	5	3	Jl. Veteran	0101000020E610000001DE02098A975B4009F9A067B32A1FC0	2024-05-06	Tawuran mahasiswa	Yogyakarta	2025-11-30 20:45:22.348162
244	1	4	Mall Ambarukmo	0101000020E610000020D26F5F079A5B405227A089B0211FC0	2025-02-11	Pencurian mobil mewah	Yogyakarta	2025-11-30 20:45:22.348162
245	3	1	Jl. Nologaten	0101000020E6100000423EE8D9AC965B4055C1A8A44E401FC0	2024-10-03	Perampokan warung internet	Yogyakarta	2025-11-30 20:45:22.348162
246	4	3	Jl. Imogiri Timur	0101000020E610000039D6C56D34985B408BFD65F7E4611FC0	2024-11-19	Pembegalan pengantin baru	Yogyakarta	2025-11-30 20:45:22.348162
247	2	2	Jl. Laksda Adisucipto	0101000020E610000082734694F69A5B40A7E8482EFF211FC0	2025-04-01	Penipuan tiket pesawat	Yogyakarta	2025-11-30 20:45:22.348162
248	5	4	Jl. Godean	0101000020E6100000B1506B9A77945B401FF46C567D2E1FC0	2024-07-27	Penganiayaan sopir truk	Yogyakarta	2025-11-30 20:45:22.348162
249	1	1	Pasar Sentul	0101000020E610000097FF907EFB965B40C442AD69DE311FC0	2024-12-12	Pencurian dompet pedagang	Yogyakarta	2025-11-30 20:45:22.348162
250	3	3	Jl. Wonosari	0101000020E6100000E5F21FD26F9B5B40091B9E5E294B1FC0	2025-01-17	Perampokan SPBU	Yogyakarta	2025-11-30 20:45:22.348162
251	4	2	Alun-alun Selatan	0101000020E6100000ECC039234A975B40F0A7C64B37491FC0	2024-09-25	Pencopetan pengunjung malam	Yogyakarta	2025-11-30 20:45:22.348162
252	2	4	Jl. Prof. Dr. Sardjito	0101000020E6100000F241CF66D5975B40DCD7817346141FC0	2024-06-14	Penipuan proyek fiktif	Yogyakarta	2025-11-30 20:45:22.348162
253	5	2	Jl. Cemara	0101000020E61000009B559FABAD985B40BF7D1D3867041FC0	2024-08-08	Pemukulan sopir ojek online	Yogyakarta	2025-11-30 20:45:22.348162
254	1	3	Perumahan Taman Siswa	0101000020E6100000F775E09C11995B404703780B24281FC0	2025-03-22	Pencurian laptop dari rumah	Yogyakarta	2025-11-30 20:45:22.348162
255	3	4	Jl. Ringroad Utara	0101000020E610000066666666669A5B40EF38454772F91EC0	2024-04-05	Perampokan mobil barang	Yogyakarta	2025-11-30 20:45:22.348162
256	4	1	Pasar Kembang	0101000020E6100000E5F21FD26F975B401D386744692F1FC0	2024-10-29	Pencopetan pembeli bunga	Yogyakarta	2025-11-30 20:45:22.348162
257	2	3	Jl. Tamansiswa	0101000020E610000032772D211F985B4021B07268912D1FC0	2025-02-28	Penipuan kursus online	Yogyakarta	2025-11-30 20:45:22.348162
258	5	4	Jl. Jend. Sudirman	0101000020E6100000DCD7817346985B40BA6B09F9A0271FC0	2024-07-03	Penganiayaan sopir taksi	Yogyakarta	2025-11-30 20:45:22.348162
259	1	2	Jl. Prawirotaman	0101000020E6100000BE30992A18995B406C787AA52C431FC0	2024-11-11	Pencurian kamar hotel	Yogyakarta	2025-11-30 20:45:22.348162
260	3	3	Jl. Wates KM 5	0101000020E61000009D11A5BDC1935B40C7293A92CB3F1FC0	2025-01-08	Perampokan bengkel motor	Yogyakarta	2025-11-30 20:45:22.348162
261	4	2	Jl. Suryotomo	0101000020E6100000CFF753E3A5975B406F8104C58F311FC0	2024-12-25	Pencopetan Natal	Yogyakarta	2025-11-30 20:45:22.348162
262	2	1	Jl. Dagen	0101000020E6100000D044D8F0F4965B4063EE5A423E281FC0	2025-03-15	Penipuan jasa pengiriman	Yogyakarta	2025-11-30 20:45:22.348162
\.


--
-- TOC entry 5787 (class 0 OID 33092)
-- Dependencies: 221
-- Data for Name: spatial_ref_sys; Type: TABLE DATA; Schema: public; Owner: postgres
--

COPY public.spatial_ref_sys (srid, auth_name, auth_srid, srtext, proj4text) FROM stdin;
\.


--
-- TOC entry 5970 (class 0 OID 40965)
-- Dependencies: 233
-- Data for Name: users; Type: TABLE DATA; Schema: public; Owner: postgres
--

COPY public.users (id, username, email) FROM stdin;
\.


--
-- TOC entry 5976 (class 0 OID 0)
-- Dependencies: 229
-- Name: crime_data_id_seq; Type: SEQUENCE SET; Schema: public; Owner: postgres
--

SELECT pg_catalog.setval('public.crime_data_id_seq', 262, true);


--
-- TOC entry 5977 (class 0 OID 0)
-- Dependencies: 227
-- Name: crime_types_id_seq; Type: SEQUENCE SET; Schema: public; Owner: postgres
--

SELECT pg_catalog.setval('public.crime_types_id_seq', 9, true);


--
-- TOC entry 5978 (class 0 OID 0)
-- Dependencies: 225
-- Name: criminality_levels_id_seq; Type: SEQUENCE SET; Schema: public; Owner: postgres
--

SELECT pg_catalog.setval('public.criminality_levels_id_seq', 4, true);


--
-- TOC entry 5979 (class 0 OID 0)
-- Dependencies: 232
-- Name: users_id_seq; Type: SEQUENCE SET; Schema: public; Owner: postgres
--

SELECT pg_catalog.setval('public.users_id_seq', 1, false);


-- Completed on 2025-11-30 20:46:22

--
-- PostgreSQL database dump complete
--

\unrestrict P0sr7iwOsf5PfzChh0P3EZSBHmdWe8CVn2F4aOut05FrczKqAeIu18iNtWJunDp

